1,I Like It Like That,1994,0,0,True,tt0110091,https://images-na.ssl-images-amazon.com/images/M/MV5BMTIyODAzNjAyNF5BMl5BanBnXkFtZTcwNjc3ODUyMQ@@._V1_SX300.jpg
2,A Dry White Season,1989,0,0,,tt0097243,https://images-na.ssl-images-amazon.com/images/M/MV5BZmE2YzhmMjMtMTQ4ZC00OTk1LWExNjktMzY5OWFjMzk1MDJhXkEyXkFqcGdeQXVyNjUwNzk3NDc@._V1_SX300.jpg
3,A Way of Life,2004,0,0,,tt0365914,N/A
4,The Caveman's Valentine,2001,0,0,,tt0182000,https://images-na.ssl-images-amazon.com/images/M/MV5BMTc0MzI0MTkwMl5BMl5BanBnXkFtZTYwNDMxMjk5._V1_SX300.jpg
5,Talk to Me,2007,0,0,,tt0796368,https://images-na.ssl-images-amazon.com/images/M/MV5BMTIwODE3NzM4Nl5BMl5BanBnXkFtZTcwNjUzNTg0MQ@@._V1_SX300.jpg
6,The Rosa Parks Story,2002,0,0,,tt0293562,https://images-na.ssl-images-amazon.com/images/M/MV5BMTY0OTU4NDIyNV5BMl5BanBnXkFtZTcwODQ5NDcxMQ@@._V1_SX300.jpg
7,Cadillac Records,2008,0,0,,tt1042877,https://images-na.ssl-images-amazon.com/images/M/MV5BOTI4NTEyMDc3Ml5BMl5BanBnXkFtZTgwMDQ4MjkyMTE@._V1_SX300.jpg
8,35 Shots of Rum,2008,0,0,True,tt1100048,https://images-na.ssl-images-amazon.com/images/M/MV5BZDM4OGFlZGEtNTQyNy00NDFhLTk3OGEtZWVmNmFmNTNhNDJkXkEyXkFqcGdeQXVyNDkzNTM2ODg@._V1_SX300.jpg
9,A Different Image,1982,0,0,,tt0180645,N/A
10,A Girl Walks Home Alone at Night,2014,0,0,True,tt2326554,https://images-na.ssl-images-amazon.com/images/M/MV5BMjMzNjMyMjU2M15BMl5BanBnXkFtZTgwMzA3NjQ0MzE@._V1_SX300.jpg
11,Advantageous,2015,0,0,True,tt3090670,https://images-na.ssl-images-amazon.com/images/M/MV5BMjE2OTMzNjQxOV5BMl5BanBnXkFtZTgwMTM5MjE1NjE@._V1_SX300.jpg
12,Ala Modalaindi,2011,0,0,,tt1830477,https://images-na.ssl-images-amazon.com/images/M/MV5BMTg4MjczMTM4MV5BMl5BanBnXkFtZTgwNTg2OTk1MDI@._V1_SX300.jpg
13,All About You,2001,0,0,,tt0239570,https://images-na.ssl-images-amazon.com/images/M/MV5BMTQzMDQ4Njk2OF5BMl5BanBnXkFtZTcwMjIwNzQyMQ@@._V1_SX300.jpg
14,Alma’s Rainbow,,0,0,,0,
15,Appropriate Behavior,,0,0,,0,
16,B For Boy,2013,0,0,,tt2784204,http://ia.media-imdb.com/images/M/MV5BMjAxMzg0NDY0M15BMl5BanBnXkFtZTgwOTUzMTE0NzE@._V1_SX300.jpg
17,Bande de Filles/Girlhood,,0,0,,0,
18,Belle,1967,0,0,True,tt0061395,https://images-na.ssl-images-amazon.com/images/M/MV5BMjhjYWVjZWItZmE3OS00ZTNmLWJhYTktZGM1YWZiNDgxNTU2XkEyXkFqcGdeQXVyMTQxNzMzNDI@._V1_SX300.jpg
19,Bend it Like Beckham,2002,0,0,True,tt0286499,https://images-na.ssl-images-amazon.com/images/M/MV5BMTg1Njk5NjczM15BMl5BanBnXkFtZTYwNjc2NTQ3._V1_SX300.jpg
20,Bessie,2015,0,0,True,tt3704352,https://images-na.ssl-images-amazon.com/images/M/MV5BNTEyODcxNjI1OF5BMl5BanBnXkFtZTgwNDYyNTUxNTE@._V1_SX300.jpg
21,Beyond the Lights,2014,0,0,True,tt3125324,https://images-na.ssl-images-amazon.com/images/M/MV5BMTkzNDA0NzY1Ml5BMl5BanBnXkFtZTgwMjEwMDkzMjE@._V1_SX300.jpg
22,Bhaji on the Beach,1993,0,0,True,tt0106408,https://images-na.ssl-images-amazon.com/images/M/MV5BMTYyNTM0Mzk3MF5BMl5BanBnXkFtZTcwNDAzMTgxMQ@@._V1_SX300.jpg
23,Caramel,2007,0,0,False,tt0825236,https://images-na.ssl-images-amazon.com/images/M/MV5BMjg4NjQ3NTM5N15BMl5BanBnXkFtZTcwMTU3MjU1MQ@@._V1_SX300.jpg
24,Circumstance,2011,0,0,True,tt1684628,https://images-na.ssl-images-amazon.com/images/M/MV5BMTc5NjI5MzA3OV5BMl5BanBnXkFtZTcwOTgxNzcyNg@@._V1_SX300.jpg
25,Civil Brand,2002,0,0,,tt0326806,https://images-na.ssl-images-amazon.com/images/M/MV5BMTkyNDI4NTgyM15BMl5BanBnXkFtZTcwMTcwNDAwMQ@@._V1_SX300.jpg
26,Compensation,1999,0,0,,tt0223027,N/A
27,Daughters of the Dust,1991,0,0,True,tt0104057,https://images-na.ssl-images-amazon.com/images/M/MV5BMjA4MDMxNzQ2NV5BMl5BanBnXkFtZTgwOTQwMTkwMDI@._V1_SX300.jpg
28,Double Happiness,1994,0,0,,tt0109655,https://images-na.ssl-images-amazon.com/images/M/MV5BMjE2MjI3NjQzNV5BMl5BanBnXkFtZTcwNzMzOTE0MQ@@._V1_SX300.jpg
29,Down in the Delta,1998,0,0,,tt0142231,https://images-na.ssl-images-amazon.com/images/M/MV5BNjMwMTgzOTkwNF5BMl5BanBnXkFtZTcwNzQ3NjIyMQ@@._V1_SX300.jpg
30,Drylongso,1998,0,0,,tt0181517,N/A
31,Earth,2013,0,0,False,tt1815862,https://images-na.ssl-images-amazon.com/images/M/MV5BMTY3MzQyMjkwMl5BMl5BanBnXkFtZTcwMDk2OTE0OQ@@._V1_SX300.jpg
32,Elza,2014,0,0,,tt3898506,N/A
33,Endless Dreams,2009,0,0,,tt2040342,http://ia.media-imdb.com/images/M/MV5BMTc5NjEwMDc4M15BMl5BanBnXkFtZTcwMzgyNTk2Ng@@._V1_SX300.jpg
34,Eve’s Bayou,,0,0,,0,
35,Fire,2013,0,0,True,tt1951264,https://images-na.ssl-images-amazon.com/images/M/MV5BMTAyMjQ3OTAxMzNeQTJeQWpwZ15BbWU4MDU0NzA1MzAx._V1_SX300.jpg
36,Frida,2002,0,0,False,tt0120679,https://images-na.ssl-images-amazon.com/images/M/MV5BMTMyODUyMDY1OV5BMl5BanBnXkFtZTYwMDA2OTU3._V1_SX300.jpg
37,Girl in Progress,2012,0,0,True,tt1817676,https://images-na.ssl-images-amazon.com/images/M/MV5BMjEyMzk3MTgwNV5BMl5BanBnXkFtZTcwMTU3Njg2Nw@@._V1_SX300.jpg
38,Girlfight,2000,0,0,True,tt0210075,https://images-na.ssl-images-amazon.com/images/M/MV5BMTg3NjczMzcyOF5BMl5BanBnXkFtZTcwODg0NDYxMQ@@._V1_SX300.jpg
39,Habibi Rasak Kharban,2011,0,0,,tt1670646,https://images-na.ssl-images-amazon.com/images/M/MV5BMTk1NzE4NDc3Ml5BMl5BanBnXkFtZTcwMDIxODQ2NQ@@._V1_SX300.jpg
40,Hiss Dokhtarha Faryad,2013,0,0,,tt2440036,https://images-na.ssl-images-amazon.com/images/M/MV5BNzA1Nzk2Mzc0Nl5BMl5BanBnXkFtZTgwNDQzNzc2MDE@._V1_SX300.jpg
41,Hush! Girls Don\’t Scream,,0,0,,0,
42,Hiss Dokhtarha Faryad,2013,0,0,,tt2440036,https://images-na.ssl-images-amazon.com/images/M/MV5BNzA1Nzk2Mzc0Nl5BMl5BanBnXkFtZTgwNDQzNzc2MDE@._V1_SX300.jpg
43,Nemizanand,2013,0,0,,tt2440036,https://images-na.ssl-images-amazon.com/images/M/MV5BNzA1Nzk2Mzc0Nl5BMl5BanBnXkFtZTgwNDQzNzc2MDE@._V1_SX300.jpg
44,Honeytrap,2014,0,0,,tt3159818,https://images-na.ssl-images-amazon.com/images/M/MV5BNjEyOTgwNjE3MF5BMl5BanBnXkFtZTgwNzM3NTMwMDI@._V1_SX300.jpg
45,I Like It Like That,1994,0,0,True,tt0110091,https://images-na.ssl-images-amazon.com/images/M/MV5BMTIyODAzNjAyNF5BMl5BanBnXkFtZTcwNjc3ODUyMQ@@._V1_SX300.jpg
46,I Will Follow,2012,0,0,,tt2179087,https://images-na.ssl-images-amazon.com/images/M/MV5BMTQzNzY1MzU5MV5BMl5BanBnXkFtZTgwODQ5MTIzMDE@._V1_SX300.jpg
47,In Between Days,2006,0,0,,tt0492463,https://images-na.ssl-images-amazon.com/images/M/MV5BMjM0NjcyOTc5OF5BMl5BanBnXkFtZTgwNjA5OTkwMzE@._V1_SX300.jpg
48,Introducing Dorothy Dandridge,1999,0,0,True,tt0172348,https://images-na.ssl-images-amazon.com/images/M/MV5BMTQwMDk1MjczNl5BMl5BanBnXkFtZTcwNTg2NjIyMQ@@._V1_SX300.jpg
49,It\’s a Wonderful Afterlife,,0,0,,0,
50,Jumpin Jack Flash,,0,0,,0,
51,Just Another Girl on the IRT,1992,0,0,,tt0104575,https://images-na.ssl-images-amazon.com/images/M/MV5BMTIyNjY0NTExNl5BMl5BanBnXkFtZTcwNDg1NjcxMQ@@._V1_SX300.jpg
52,Just Wright,2010,0,0,True,tt1407061,https://images-na.ssl-images-amazon.com/images/M/MV5BMTQ5MTcxODQwNF5BMl5BanBnXkFtZTcwNDk1MjQyMw@@._V1_SX300.jpg
53,Kama Sutra,1996,0,0,,tt0116743,https://images-na.ssl-images-amazon.com/images/M/MV5BMTE5OTY3NzM2NF5BMl5BanBnXkFtZTYwOTAxNzg4._V1_SX300.jpg
54,Losing Ground,1982,0,0,,tt0084269,https://images-na.ssl-images-amazon.com/images/M/MV5BMTUwMzQzNDg0MV5BMl5BanBnXkFtZTgwMDgwMDUwODE@._V1_SX300.jpg
55,Love & Basketball,2011,0,0,True,tt1570728,https://images-na.ssl-images-amazon.com/images/M/MV5BMTg2MjkwMTM0NF5BMl5BanBnXkFtZTcwMzc4NDg2NQ@@._V1_SX300.jpg
56,Luck by Chance,2009,0,0,,tt0886539,https://images-na.ssl-images-amazon.com/images/M/MV5BMTY4NjIxNDc3Nl5BMl5BanBnXkFtZTcwNDc4NTk5Mw@@._V1_SX300.jpg
57,Mi Vida Loca,1993,0,0,,tt0107566,https://images-na.ssl-images-amazon.com/images/M/MV5BNTg4ODk5NTQyN15BMl5BanBnXkFtZTcwMDM1MjYyMQ@@._V1_SX300.jpg
58,Middle of Nowhere,2008,0,0,,tt1032817,https://images-na.ssl-images-amazon.com/images/M/MV5BMTcxNzA2NDQyN15BMl5BanBnXkFtZTcwMjUzMzU0Mw@@._V1_SX300.jpg
59,Mississippi Damned,2009,0,0,,tt1169834,https://images-na.ssl-images-amazon.com/images/M/MV5BMTQ2MTY5ODA3NF5BMl5BanBnXkFtZTcwNTA2Mjg5MQ@@._V1_SX300.jpg
60,Mississippi Masala,1991,0,0,,tt0102456,https://images-na.ssl-images-amazon.com/images/M/MV5BMTI4MTEwNjczOV5BMl5BanBnXkFtZTcwMzM0NDcxMQ@@._V1_SX300.jpg
61,Mixing Nia,1998,0,0,,tt0155877,https://images-na.ssl-images-amazon.com/images/M/MV5BMTQ3NjU1NjU1Ml5BMl5BanBnXkFtZTcwODIxNzYxMQ@@._V1_SX300.jpg
62,Monsoon Wedding,2001,0,0,True,tt0265343,https://images-na.ssl-images-amazon.com/images/M/MV5BZWMzMDJhMjgtZjk2NS00ZDM4LThmOGMtOTQzYWU3N2Y4Y2M2XkEyXkFqcGdeQXVyNjQ2MjQ5NzM@._V1_SX300.jpg
63,Mosquita y Mari,2012,0,0,True,tt1978480,https://images-na.ssl-images-amazon.com/images/M/MV5BNjk1ODA3ODI5Ml5BMl5BanBnXkFtZTcwMTU5MjAyOA@@._V1_SX300.jpg
64,Na-moo-eobs-neun san,,0,0,,0,
65,Treeless Mountain,2008,0,0,True,tt1143155,https://images-na.ssl-images-amazon.com/images/M/MV5BNzEwODY3OTA1Nl5BMl5BanBnXkFtZTcwNzY4ODI0Mg@@._V1_SX300.jpg
66,Night Catches Us,2010,0,0,True,tt0775543,https://images-na.ssl-images-amazon.com/images/M/MV5BOTIyNDEyNjY3NF5BMl5BanBnXkFtZTcwNjY0MjE3Mw@@._V1_SX300.jpg
67,Pariah,2011,0,0,True,tt1233334,https://images-na.ssl-images-amazon.com/images/M/MV5BMTM1MTQyNTY3NV5BMl5BanBnXkFtZTcwODk0ODk2Ng@@._V1_SX300.jpg
68,Picture Bride,1994,0,0,,tt0114129,https://images-na.ssl-images-amazon.com/images/M/MV5BMTUxMjgzNDE4Ml5BMl5BanBnXkFtZTcwMzkzNzQyMQ@@._V1_SX300.jpg
69,Rain,1988,0,0,False,tt0095953,https://images-na.ssl-images-amazon.com/images/M/MV5BMzVjNzI4NzYtMjE4NS00M2IzLWFkOWMtOTYwMWUzN2ZlNGVjL2ltYWdlL2ltYWdlXkEyXkFqcGdeQXVyMTQxNzMzNDI@._V1_SX300.jpg
70,Real Women Have Curves,2002,0,0,True,tt0296166,https://images-na.ssl-images-amazon.com/images/M/MV5BYTNlNzAxMjktZmViZi00ZmU4LWJjNTYtMzhlZmQzY2FhYzgxL2ltYWdlL2ltYWdlXkEyXkFqcGdeQXVyMTQxNzMzNDI@._V1_SX300.jpg
71,Saving Face,2004,0,0,True,tt0384504,https://images-na.ssl-images-amazon.com/images/M/MV5BMTMyNjA5MjE3MV5BMl5BanBnXkFtZTcwOTY0OTkyMQ@@._V1_SX300.jpg
72,Second Coming,1994,0,0,,tt0142239,https://images-na.ssl-images-amazon.com/images/M/MV5BNTU3YjMzNTktNDlmMi00NTFmLTg4NjMtYjg1NmUwZTdjZGVhXkEyXkFqcGdeQXVyMzM4MjM0Nzg@._V1_SX300.jpg
73,Something Necessary,2013,0,0,,tt2400272,http://ia.media-imdb.com/images/M/MV5BMjE4NzE0OTM3NF5BMl5BanBnXkFtZTcwMzQ4OTAwOQ@@._V1_SX300.jpg
74,Something New,2006,0,0,,tt0437777,https://images-na.ssl-images-amazon.com/images/M/MV5BMzMzNzU0NzQ1NF5BMl5BanBnXkFtZTcwNTMzOTEzMQ@@._V1_SX300.jpg
75,Still the Water,2014,0,0,True,tt3230162,https://images-na.ssl-images-amazon.com/images/M/MV5BOTc2NjE3NDk5MF5BMl5BanBnXkFtZTgwMDY1NzU4MTE@._V1_SX300.jpg
76,Stranger Inside,2001,0,0,,tt0258223,https://images-na.ssl-images-amazon.com/images/M/MV5BMjA4MjgyMDQxN15BMl5BanBnXkFtZTcwNTk2MTgxMQ@@._V1_SX300.jpg
77,Black Shack Alley,1983,0,0,,tt0086213,http://ia.media-imdb.com/images/M/MV5BMTIzNzMwMDg3NF5BMl5BanBnXkFtZTcwNDEwMTQyMQ@@._V1_SX300.jpg
78,The Kite,2007,0,0,False,tt0419887,https://images-na.ssl-images-amazon.com/images/M/MV5BODcyNjY2MjEwM15BMl5BanBnXkFtZTcwODQ0MzI1MQ@@._V1_SX300.jpg
79,The Rich Man\’s Wife,,0,0,,0,
80,The Secret Life of Bees,2008,0,0,True,tt0416212,https://images-na.ssl-images-amazon.com/images/M/MV5BOTgzNDIzMTM2OV5BMl5BanBnXkFtZTcwMTQzNTE4MQ@@._V1_SX300.jpg
81,The Silence of the Palace,,0,0,,0,
82,The Watermelon Woman,1996,0,0,,tt0118125,https://images-na.ssl-images-amazon.com/images/M/MV5BMTg4MTI0NzY0OV5BMl5BanBnXkFtZTcwNzc4MTYyMQ@@._V1_SX300.jpg
83,The Women of Brewster Place,1989â€“,0,0,,tt0098674,https://images-na.ssl-images-amazon.com/images/M/MV5BMjE2ODEzNTEyMl5BMl5BanBnXkFtZTcwNDE2NDQyMQ@@._V1_SX300.jpg
84,Their Eyes Were Watching God,2005,0,0,,tt0406265,https://images-na.ssl-images-amazon.com/images/M/MV5BMTYxNTI0NjI1NV5BMl5BanBnXkFtZTcwMTkyMzEzMQ@@._V1_SX300.jpg
85,Things We Lost in the Fire,2007,0,0,,tt0469623,https://images-na.ssl-images-amazon.com/images/M/MV5BMTcyNTc3NTY2MF5BMl5BanBnXkFtZTcwMTE3NzYzMw@@._V1_SX300.jpg
86,Wadjda,2012,0,0,True,tt2258858,https://images-na.ssl-images-amazon.com/images/M/MV5BMjI4MzMyNzM2Ml5BMl5BanBnXkFtZTgwNDQ5MDgwMDE@._V1_SX300.jpg
87,Water,2011,0,0,False,tt1067583,https://images-na.ssl-images-amazon.com/images/M/MV5BMTQzMDU3NDEwN15BMl5BanBnXkFtZTcwMTI3MDU0NA@@._V1_SX300.jpg
88,Whale Rider,2002,0,0,True,tt0298228,https://images-na.ssl-images-amazon.com/images/M/MV5BMjM3MzE2OTEwNF5BMl5BanBnXkFtZTcwNTkyMTg4NA@@._V1_SX300.jpg
89,What\’s Cooking?,,0,0,,0,
90,Where Do We Go Now?,2011,0,0,True,tt1772424,https://images-na.ssl-images-amazon.com/images/M/MV5BMTM4MDgxNjU4Nl5BMl5BanBnXkFtZTcwMzc2MTM2Nw@@._V1_SX300.jpg
91,Whitney,2011â€“2013,0,0,,tt1850458,https://images-na.ssl-images-amazon.com/images/M/MV5BMTQ3NjY3NjAyN15BMl5BanBnXkFtZTcwODc3MzM3OA@@._V1_SX300.jpg
92,Woman Thou Art Loosed: On The 7th Day,2012,0,0,,tt1996346,https://images-na.ssl-images-amazon.com/images/M/MV5BMTQxMjkxOTg4N15BMl5BanBnXkFtZTcwMTY5NTQ0Nw@@._V1_SX300.jpg
93,Xiu Xiu: The Sent-Down Girl,1998,0,0,,tt0115005,https://images-na.ssl-images-amazon.com/images/M/MV5BMjE5NDk3MTQyNF5BMl5BanBnXkFtZTcwODIzNjgxMQ@@._V1_SX300.jpg
94,Yelling to the Sky,2011,0,0,True,tt1504508,https://images-na.ssl-images-amazon.com/images/M/MV5BMTQ0MzA0OTQyNF5BMl5BanBnXkFtZTcwODQ1NjI4OA@@._V1_SX300.jpg
95,Young and Wild,2012,0,0,,tt2125698,https://images-na.ssl-images-amazon.com/images/M/MV5BMTM2NTYyNjM5NF5BMl5BanBnXkFtZTcwNTU3Nzg3OA@@._V1_SX300.jpg
96,Slumdog Millionaire,2008,0,0,False,tt1010048,https://images-na.ssl-images-amazon.com/images/M/MV5BMTU2NTA5NzI0N15BMl5BanBnXkFtZTcwMjUxMjYxMg@@._V1_SX300.jpg
97,Long Life Happiness and Prosperity,,0,0,,0,
98,Valentine Road,2013,0,0,,tt2577990,https://images-na.ssl-images-amazon.com/images/M/MV5BOTEyNDA0MDgwM15BMl5BanBnXkFtZTcwNjQzMjgzOQ@@._V1_SX300.jpg
99,Year of the Carnivore,2009,0,0,True,tt1372306,https://images-na.ssl-images-amazon.com/images/M/MV5BNGNjYzBkOGEtZGIzNi00ZDRiLWI2ODItYzVlOTdjYzcyZjhjXkEyXkFqcGdeQXVyNTI3NTM4MTA@._V1_SX300.jpg
100,Butterfly Rising,2010,0,0,,tt1524105,http://ia.media-imdb.com/images/M/MV5BMTY3NjU0Njc3NV5BMl5BanBnXkFtZTcwOTAzNTE5Mg@@._V1_SX300.jpg
101,Saving Face,2004,0,0,True,tt0384504,https://images-na.ssl-images-amazon.com/images/M/MV5BMTMyNjA5MjE3MV5BMl5BanBnXkFtZTcwOTY0OTkyMQ@@._V1_SX300.jpg
102,Within,2001,0,0,,tt1634340,N/A
103,Tell it Like it Is,1971,0,0,,tt0379585,N/A
104,Down in the Delta,1998,0,0,,tt0142231,https://images-na.ssl-images-amazon.com/images/M/MV5BNjMwMTgzOTkwNF5BMl5BanBnXkFtZTcwNzQ3NjIyMQ@@._V1_SX300.jpg
105,Frida,2002,0,0,False,tt0120679,https://images-na.ssl-images-amazon.com/images/M/MV5BMTMyODUyMDY1OV5BMl5BanBnXkFtZTYwMDA2OTU3._V1_SX300.jpg
